video_name,body_gesture_magnitude_mean,body_gesture_magnitude_var,body_gesture_activity_mean,body_gesture_activity_var,body_body_sway_mean,body_body_sway_var,body_posture_openness_mean,body_posture_openness_var,face_head_speed_mean,face_head_speed_var,face_gaze_dg_mean,face_gaze_dg_var,face_smile_mean,face_smile_var,audio_wpm,audio_pause_ratio,audio_pitch_mean_hz,audio_pitch_std_st,audio_volume_lufs,audio_volume_cv,audio_crest_factor_db
myvideo,2.098175306722556,0.3759675452758501,0.088280376665899,0.0067096928485235,0.0187091075648555,0.0004305623558738,179.9999997983233,1.630177286668497e-13,0.030878922789206,0.0005573005966736,0.0165344460898802,0.0001327127672255,0.8222391493167966,0.0029850146792745,169.77225672877847,0.0898296334537945,234.2204945269885,3.4104900342295377,-23.628699465505825,0.8807232775960571,23.250930135047057
Video_test_William,2.035517975262056,0.19399296297232185,0.08128136051084524,0.0075805660133044205,0.02224876258666256,0.000814143606293634,179.99999979871328,1.4277257543274973e-13,0.02642050179306025,0.0005393864446914379,0.011899952303217479,0.00010143068650855643,0.7998688698478416,0.0022682400998707527,125.13199577613514,0.0993852459016394,117.33010990124912,3.1948966410432305,-28.18433161536085,0.8369760137219119,23.87108685037221
