video_name,body_gesture_magnitude_mean,body_gesture_magnitude_var,body_gesture_activity_mean,body_gesture_activity_var,body_body_sway_mean,body_body_sway_var,body_posture_openness_mean,body_posture_openness_var,face_head_speed_mean,face_head_speed_var,face_gaze_dg_mean,face_gaze_dg_var,face_smile_mean,face_smile_var,audio_wpm,audio_pause_ratio,audio_pitch_mean_hz,audio_pitch_std_st,audio_volume_lufs,audio_volume_cv,audio_crest_factor_db
myvideo,2.098175306722556,0.37596754527585013,2.6449031505332274,6.022736081817997,0.5605297509006448,0.3864802003215885,47.1572078113705,44.79890055628706,0.9251405947137471,0.5002426322307618,0.49537632492158384,0.1191252699239172,0.8222391493167966,0.00298501467927455,169.77225672877847,0.0898296334537945,234.2204945269885,3.4104900342295377,-23.628699465505825,0.8807232775960571,23.250930135047057
