video_name,body_gesture_magnitude_mean,body_gesture_magnitude_var,body_gesture_activity_mean,body_gesture_activity_var,body_body_sway_mean,body_body_sway_var,body_posture_openness_mean,body_posture_openness_var,face_head_speed_mean,face_head_speed_var,face_gaze_dg_mean,face_gaze_dg_var,face_smile_mean,face_smile_var,audio_wpm,audio_pause_ratio,audio_pitch_mean_hz,audio_pitch_std_st,audio_volume_lufs,audio_volume_cv,audio_crest_factor_db
myvideo,2.098175306722556,0.3759675452758501,0.088280376665899,0.0067096928485235,0.0187091075648555,0.0004305623558738,179.9999997983233,1.630177286668497e-13,0.030878922789206,0.0005573005966736,0.0165344460898802,0.0001327127672255,0.8222391493167966,0.0029850146792745,169.77225672877847,0.0898296334537945,234.2204945269885,3.4104900342295377,-23.628699465505825,0.8807232775960571,23.250930135047057
Video_test_William,2.035517975262056,0.1939929629723218,0.0812813605108452,0.0075805660133044,0.0222487625866625,0.0008141436062936,179.99999979871328,1.4277257543274973e-13,0.0264205017930602,0.0005393864446914,0.0118999523032174,0.0001014306865085,0.7998688698478416,0.0022682400998707,125.13199577613514,0.0993852459016394,117.33010990124912,3.1948966410432305,-28.18433161536085,0.8369760137219119,23.87108685037221
sp_1_1,1.696129535144978,0.3544014266603432,0.10449010140897823,0.009765638049442919,0.02435898174236509,0.0005688749675357091,179.99999974430813,1.9719548391865773e-13,0.07697489842713875,0.007347585521869029,0.027004294089908752,0.0005971904538382856,0.8178699780498832,0.008441720758418387,156.52173913043478,0.0807291666666666,177.76902887057886,3.714414550720688,-19.90085539465709,0.7884952832980406,14.283520415014191
