video_name,body_gesture_magnitude_mean,body_gesture_magnitude_var,body_gesture_activity_mean,body_gesture_activity_var,body_body_sway_mean,body_body_sway_var,body_posture_openness_mean,body_posture_openness_var,face_head_speed_mean,face_head_speed_var,face_gaze_dg_mean,face_gaze_dg_var,face_smile_mean,face_smile_var,audio_wpm,audio_pause_ratio,audio_pitch_mean_hz,audio_pitch_std_st,audio_volume_lufs,audio_volume_cv,audio_crest_factor_db,face_head_tilt_mean,face_head_tilt_var
66,1.3459333907581037,0.091551030671493,3.652561893841913,9.88203370262242,1.1162053118038038,0.9745585137404532,54.21407577097538,14.241766613333423,2.700903969350489,2.239057190194065,0.4789410133506919,0.093095272399122,0.7418950629664793,0.0020034105514982,127.04918032786884,0.080626946374183,102.25550665840268,2.1302915112377367,-34.72453396110629,0.8000165244740064,24.647983078189803,-2.881891604945168,612.0518288467359
67,2.487345212869113,0.2073729841943444,4.417732153477549,14.712095764632387,1.012569817312815,0.9237224950253906,52.199636363067526,13.637689815566803,2.017532654236736,1.4661036243877277,0.5412307560277382,0.168355380546174,0.7640725975935825,0.0041490222750499,167.3469387755102,0.0407716640279816,117.56973202687698,3.390647129393761,-29.963964651158808,0.7558449015868223,17.96508722449071,-10.233326214036476,385.6036668244983
